Student_ID,Gender,Age,Department,CGPA,Backlogs,Projects,Internship,Technical_Skills,Aptitude_Score,Communication_Score,Certifications
STU001,Male,22,IT,8.31,0,5,Yes,9,45,77,3
STU002,Male,21,IT,5.64,0,0,Yes,9,66,54,3
STU003,Male,21,Electronics,8.09,0,2,Yes,4,88,61,0
STU004,Male,22,Mechanical,5.91,0,0,No,9,47,99,3
STU005,Female,22,Electrical,5.85,0,0,Yes,4,89,58,0
STU006,Male,23,Mechanical,9.26,0,2,Yes,6,62,53,5
STU007,Male,21,Electrical,6.67,1,1,No,7,57,99,5
STU008,Male,22,Computer,8.53,0,0,No,7,57,44,1
STU009,Female,21,Electronics,9.52,0,5,No,3,56,48,1
STU010,Female,23,Electrical,8.78,0,1,Yes,9,71,45,0
STU011,Male,21,Electronics,9.29,0,0,No,7,78,69,4
STU012,Male,20,Electronics,6.61,2,2,No,2,58,67,1
STU013,Female,21,Electrical,7.5,2,5,No,9,78,52,1
STU014,Male,20,Electrical,7.15,0,0,Yes,6,96,93,2
STU015,Male,20,Computer,6.55,1,0,Yes,3,82,70,4
STU016,Female,21,Electrical,6.23,1,5,Yes,5,65,82,5
STU017,Female,20,IT,7.14,0,2,Yes,10,75,54,4
STU018,Male,20,IT,6.47,0,0,No,2,72,55,2
STU019,Male,21,Electronics,8.44,2,4,No,4,90,70,3
STU020,Male,23,Mechanical,6.34,0,3,Yes,2,43,65,5
STU021,Male,21,IT,6.99,0,3,Yes,7,51,57,3
STU022,Male,23,Electrical,6.6,0,5,Yes,2,99,88,1
STU023,Female,23,IT,6.23,1,0,Yes,7,40,64,2
STU024,Female,22,Civil,9.58,0,5,No,3,52,58,1
STU025,Male,22,Computer,9.76,0,3,Yes,1,72,45,1
STU026,Male,21,Civil,5.8,0,4,Yes,10,78,42,4
STU027,Female,22,IT,5.86,0,2,Yes,5,65,48,5
STU028,Female,22,Computer,8.34,0,4,Yes,2,74,53,4
STU029,Female,20,IT,6.67,0,1,No,9,85,59,4
STU030,Male,22,Electronics,9.83,0,1,No,2,96,46,5
STU031,Female,22,Electrical,7.93,0,2,Yes,5,72,71,2
STU032,Male,20,Electronics,9.48,0,2,Yes,1,61,89,1
STU033,Female,21,Electronics,8.3,0,5,No,9,40,47,0
STU034,Male,20,Mechanical,9.66,0,1,No,3,42,59,2
STU035,Male,22,IT,9.46,0,5,Yes,6,89,75,3
STU036,Male,21,IT,9.78,3,1,No,1,51,87,2
STU037,Female,21,Mechanical,8.94,0,5,Yes,7,95,42,3
STU038,Female,22,Mechanical,6.48,1,1,Yes,1,82,52,3
STU039,Male,22,Mechanical,6.94,0,3,No,1,47,96,2
STU040,Female,20,Computer,6.29,0,2,No,7,78,72,0
STU041,Male,22,Computer,7.19,1,0,Yes,6,67,44,5
STU042,Female,20,Electronics,9.55,2,4,No,7,60,65,5
STU043,Male,21,Civil,6.8,0,3,Yes,10,76,59,3
STU044,Male,22,Mechanical,7.91,0,4,No,8,68,68,5
STU045,Female,21,Electronics,6.44,0,4,No,2,92,100,1
STU046,Male,21,IT,8.46,0,1,No,10,94,89,0
STU047,Male,23,Civil,7.5,0,1,Yes,2,89,67,1
STU048,Female,20,Electrical,6.27,0,0,No,3,91,69,5
STU049,Female,23,Electrical,7.84,1,4,No,9,68,97,1
STU050,Female,23,Mechanical,8.77,1,5,No,9,71,80,1
STU051,Male,22,IT,6.71,0,2,Yes,3,49,54,3
STU052,Male,20,Civil,8.55,0,4,No,7,43,53,3
STU053,Male,23,Civil,7.21,0,2,No,7,94,97,3
STU054,Male,23,IT,7.87,0,3,Yes,7,61,82,5
STU055,Male,23,IT,9.01,3,4,Yes,7,77,76,5
STU056,Female,21,Civil,5.62,0,2,No,6,53,69,2
STU057,Female,22,Civil,6.99,0,0,No,1,87,74,0
STU058,Female,21,Electronics,9.9,0,5,Yes,1,100,55,1
STU059,Male,21,IT,9.19,0,0,Yes,8,84,56,2
STU060,Male,21,Mechanical,6.24,0,0,No,10,83,98,3
STU061,Male,20,Electrical,7.25,0,5,Yes,2,84,89,2
STU062,Male,20,Mechanical,9.24,0,5,No,2,72,81,2
STU063,Female,23,Computer,5.56,0,2,No,3,67,51,5
STU064,Female,23,Civil,7.8,0,5,No,6,94,55,0
STU065,Female,21,Civil,6.73,0,5,No,6,41,71,2
STU066,Male,22,Mechanical,6.3,0,4,No,9,40,73,1
STU067,Female,23,Electrical,5.88,1,5,No,8,68,90,0
STU068,Male,23,Electronics,5.91,0,5,No,8,75,73,2
STU069,Female,22,Electronics,7.37,0,2,No,4,47,86,1
STU070,Male,21,IT,6.89,1,2,No,2,93,52,2
STU071,Male,22,Computer,6.5,1,1,No,1,43,75,2
STU072,Male,23,Computer,8.57,1,4,No,8,70,68,2
STU073,Male,22,Civil,6.31,0,0,No,8,44,76,5
STU074,Male,21,Electrical,8.52,2,0,Yes,2,75,88,3
STU075,Male,23,Civil,8.17,2,2,No,5,76,79,0
STU076,Male,21,Electronics,8.18,0,5,Yes,3,55,51,4
STU077,Male,23,Civil,5.83,0,3,No,1,54,58,5
STU078,Female,20,Electronics,6.74,0,2,Yes,7,47,74,1
STU079,Female,21,Computer,8.35,0,2,No,8,47,69,5
STU080,Female,22,Electrical,6.84,0,3,Yes,10,42,96,3
STU081,Female,20,Computer,8.73,0,5,Yes,5,76,42,1
STU082,Female,22,IT,7.57,3,3,No,2,70,62,3
STU083,Male,21,Mechanical,6.97,0,3,No,7,92,88,4
STU084,Male,22,Mechanical,5.66,0,3,Yes,9,69,66,0
STU085,Female,23,Electronics,6.33,0,0,Yes,5,75,48,2
STU086,Female,20,Computer,7.43,3,4,Yes,3,59,75,0
STU087,Male,21,Computer,7.93,0,0,Yes,8,99,85,2
STU088,Female,23,Civil,7.74,3,1,No,9,49,64,1
STU089,Male,20,Mechanical,9.56,1,3,No,9,57,92,0
STU090,Female,23,IT,6.74,0,3,No,6,75,88,4
STU091,Female,21,Electronics,7.16,0,3,Yes,7,42,60,5
STU092,Female,23,Electronics,7.58,1,5,Yes,8,42,48,4
STU093,Female,20,Civil,9.75,0,3,Yes,3,66,95,5
STU094,Male,23,Mechanical,9.77,0,5,No,2,94,61,5
STU095,Female,22,Electronics,9.28,1,3,Yes,10,44,55,5
STU096,Female,21,Electronics,8.51,0,0,Yes,8,50,84,2
STU097,Male,22,Computer,9.48,0,2,No,3,55,73,3
STU098,Male,21,IT,7.99,0,3,Yes,8,98,77,1
STU099,Female,23,Mechanical,6.52,0,3,No,9,50,44,3
STU100,Female,23,Electronics,9.66,0,2,Yes,7,94,70,0
STU101,Female,22,Electronics,6.54,0,5,No,5,40,76,5
STU102,Male,23,Mechanical,8.92,1,1,No,4,80,52,4
STU103,Male,20,Electronics,6.6,0,2,No,1,77,63,5
STU104,Female,22,Electronics,6.08,0,1,Yes,9,96,63,4
STU105,Female,21,Mechanical,7.71,2,3,No,6,91,47,3
STU106,Male,21,Electronics,9.74,1,3,No,2,90,65,0
STU107,Male,23,Mechanical,6.66,0,5,No,10,64,92,5
STU108,Male,21,Civil,9.64,0,4,No,10,54,81,0
STU109,Female,22,Electronics,8.3,0,1,Yes,1,59,71,0
STU110,Male,23,Civil,5.93,0,5,No,10,87,86,1
STU111,Male,23,Electrical,9.4,0,2,Yes,6,53,68,3
STU112,Female,20,Electronics,9.68,0,5,No,1,65,57,1
STU113,Female,20,Electronics,9.76,0,5,Yes,1,90,61,1
STU114,Male,20,Electrical,9.85,0,1,Yes,6,89,49,4
STU115,Male,21,Electrical,5.51,0,1,Yes,1,48,40,2
STU116,Male,22,Computer,8.98,0,0,Yes,7,73,47,5
STU117,Female,22,Electrical,5.78,0,3,Yes,10,42,86,5
STU118,Female,20,Computer,7.79,3,3,No,2,71,85,3
STU119,Male,22,Electrical,5.82,0,1,No,10,80,77,4
STU120,Female,22,Civil,8.63,0,3,Yes,2,94,81,5
STU121,Male,23,Civil,9.36,2,3,No,8,65,66,5
STU122,Female,22,Electronics,5.92,0,1,No,2,45,93,0
STU123,Male,22,IT,5.91,0,4,No,2,66,62,5
STU124,Female,20,Mechanical,9.64,0,2,Yes,10,72,53,1
STU125,Male,20,Mechanical,8.39,1,2,Yes,5,76,54,3
STU126,Male,22,Computer,9.22,0,5,No,6,62,40,1
STU127,Female,20,IT,9.33,1,0,Yes,9,53,64,3
STU128,Male,22,Mechanical,7.5,1,4,Yes,1,49,50,4
STU129,Male,22,Civil,5.72,0,3,No,7,57,53,4
STU130,Female,20,Mechanical,6,0,4,No,9,82,59,0
STU131,Male,20,IT,6.47,0,1,Yes,5,58,60,0
STU132,Female,21,IT,5.53,0,5,Yes,9,75,93,5
STU133,Male,23,Electronics,9.05,0,0,No,2,95,60,4
STU134,Female,23,Mechanical,7.39,0,0,No,3,91,100,4
STU135,Female,20,Civil,7.52,1,1,No,10,65,73,0
STU136,Female,22,IT,7.24,0,1,Yes,9,80,47,4
STU137,Female,22,Electronics,7.74,2,5,Yes,4,46,49,2
STU138,Male,20,IT,6.37,2,5,No,8,88,76,4
STU139,Female,22,IT,7.48,0,3,No,5,90,57,4
STU140,Male,22,Civil,5.75,0,0,No,5,44,81,0
STU141,Female,23,Electrical,8.21,0,5,Yes,8,98,91,4
STU142,Female,23,Electrical,8.37,0,0,No,2,91,97,2
STU143,Male,21,Computer,9.82,0,3,No,9,73,79,1
STU144,Female,23,Civil,7.1,1,5,Yes,6,44,61,0
STU145,Female,22,Mechanical,7.96,1,5,Yes,6,45,77,5
STU146,Female,22,Electronics,6.12,0,3,Yes,10,85,100,0
STU147,Female,22,IT,6.86,0,5,Yes,7,72,63,0
STU148,Male,21,Mechanical,7.1,2,3,Yes,4,48,49,0
STU149,Male,20,Electronics,6.8,0,4,Yes,10,64,49,1
STU150,Male,23,Computer,6.3,0,5,Yes,8,79,58,5
STU151,Male,21,Mechanical,8.95,3,3,Yes,6,83,100,4
STU152,Female,22,Civil,9.83,0,3,Yes,4,91,78,1
STU153,Male,23,Mechanical,9.34,0,0,Yes,5,45,88,1
STU154,Male,23,Computer,6.7,2,1,No,6,99,41,3
STU155,Female,21,Civil,5.73,3,2,Yes,1,60,99,0
STU156,Female,21,IT,9.19,0,3,Yes,8,68,79,0
STU157,Male,22,IT,9.49,1,4,No,2,89,58,1
STU158,Male,21,Civil,6.83,0,4,No,2,47,93,3
STU159,Male,21,Electronics,8.13,0,3,Yes,10,62,55,4
STU160,Male,22,Computer,7.33,2,4,Yes,7,95,70,0
STU161,Female,22,Electronics,8.3,0,0,No,4,86,82,5
STU162,Female,21,Computer,5.96,0,2,Yes,8,84,70,5
STU163,Male,20,Electronics,6.3,1,3,Yes,5,52,42,1
STU164,Female,22,Electrical,9.4,0,4,No,5,42,88,5
STU165,Female,20,Electronics,6.34,0,0,No,7,96,65,5
STU166,Female,22,IT,7.43,0,3,No,9,57,91,0
STU167,Male,23,Electrical,8.7,3,1,No,6,46,45,2
STU168,Female,23,Electrical,8.41,1,1,No,6,68,42,5
STU169,Female,23,Mechanical,9.33,0,0,Yes,7,63,72,5
STU170,Male,21,Electrical,8.49,0,3,Yes,3,44,55,5
STU171,Female,20,Electrical,7.11,0,3,No,6,68,88,0
STU172,Female,23,Mechanical,8.03,0,1,Yes,1,87,51,3
STU173,Male,22,Mechanical,7.78,1,1,No,8,52,47,1
STU174,Female,21,Electronics,9.25,0,0,No,6,85,44,4
STU175,Female,21,Electronics,7.89,1,5,Yes,6,72,54,0
STU176,Male,21,Civil,9.83,0,4,No,8,91,75,1
STU177,Male,20,Mechanical,8.19,0,5,No,9,66,89,3
STU178,Male,21,Mechanical,9.12,0,3,No,9,62,48,4
STU179,Male,21,Civil,8.32,0,0,Yes,9,49,59,1
STU180,Male,22,Electrical,6.21,2,0,No,4,80,75,2
STU181,Female,20,Electrical,6.05,0,4,Yes,3,82,79,5
STU182,Female,20,Computer,9.47,0,5,No,4,89,76,3
STU183,Male,23,Electronics,8.22,0,5,No,8,55,91,5
STU184,Female,20,Electronics,7.29,0,3,No,8,69,53,2
STU185,Female,22,Electronics,8.17,3,2,No,3,88,63,4
STU186,Female,21,Civil,7.97,0,3,Yes,3,46,43,2
STU187,Female,21,IT,9.66,1,4,No,4,88,50,3
STU188,Female,23,Mechanical,9.88,0,0,No,9,69,55,1
STU189,Male,20,Mechanical,8.07,0,5,No,5,74,40,0
STU190,Female,22,Civil,7.4,0,3,Yes,10,75,52,2
STU191,Male,23,Electrical,7.93,0,4,No,10,83,79,0
STU192,Male,23,Mechanical,6.07,1,2,No,3,52,78,4
STU193,Male,20,Computer,7.27,0,2,No,9,69,49,4
STU194,Male,22,Electrical,9.43,0,3,No,10,61,72,4
STU195,Female,23,Computer,7.84,0,5,Yes,7,77,59,5
STU196,Male,23,Mechanical,9.34,3,4,Yes,1,77,70,1
STU197,Female,21,Electronics,7.81,0,4,Yes,4,41,68,2
STU198,Female,21,Civil,7.34,0,4,No,1,85,48,4
STU199,Female,23,Electrical,6.41,0,1,No,9,61,74,2
STU200,Female,23,IT,8.47,2,2,No,4,100,59,2
STU201,Female,22,Civil,8.6,0,5,No,5,47,76,5
STU202,Female,22,IT,7.89,0,2,Yes,6,99,68,5
STU203,Female,21,IT,6.63,1,2,No,3,46,79,5
STU204,Male,20,Electronics,8.08,2,1,Yes,1,46,66,2
STU205,Male,21,Computer,8.66,3,1,No,8,70,81,1
STU206,Female,22,Mechanical,8.83,0,0,Yes,9,87,86,0
STU207,Male,23,IT,9.52,2,0,No,8,51,99,5
STU208,Female,20,Computer,9.73,0,4,Yes,6,58,69,5
STU209,Female,21,Electrical,7.89,0,1,Yes,6,50,86,3
STU210,Male,20,Electronics,8.35,0,2,Yes,3,79,94,5
STU211,Female,22,Computer,9.45,0,0,Yes,3,70,60,1
STU212,Female,21,Civil,5.53,1,2,No,10,86,76,0
STU213,Female,21,Computer,6.65,0,3,No,3,65,83,4
STU214,Female,20,Electronics,9.56,2,2,No,10,54,54,1
STU215,Female,22,Civil,7.6,1,3,Yes,4,83,88,4
STU216,Male,23,Electrical,9.34,1,0,Yes,1,93,75,4
STU217,Male,21,Mechanical,6.39,1,3,Yes,4,85,77,3
STU218,Female,20,Civil,5.9,0,3,No,10,43,75,3
STU219,Female,20,Civil,8.46,0,0,Yes,10,44,42,3
STU220,Male,20,Computer,7.02,3,3,Yes,5,66,51,1
STU221,Female,22,Civil,8.87,0,3,No,2,83,82,4
STU222,Female,20,IT,6.09,3,3,Yes,4,93,40,0
STU223,Female,23,Electrical,9.81,0,1,Yes,8,62,49,2
STU224,Male,20,Electronics,6.33,0,0,Yes,4,44,46,4
STU225,Male,21,Electronics,5.65,0,3,Yes,9,53,88,0
STU226,Female,21,Electronics,6.12,0,4,No,4,59,96,1
STU227,Male,23,Mechanical,9.84,0,4,Yes,7,75,71,0
STU228,Female,22,Electronics,9.78,0,1,No,7,51,88,4
STU229,Male,22,Electronics,7.58,0,3,Yes,9,66,66,4
STU230,Female,21,Mechanical,7.83,0,5,Yes,8,94,63,0
STU231,Male,20,Mechanical,7.86,0,4,Yes,2,52,91,4
STU232,Male,23,IT,8.69,1,2,No,1,53,99,1
STU233,Male,23,IT,9.73,0,5,Yes,7,98,55,4
STU234,Female,23,Civil,6.92,0,2,No,5,63,72,3
STU235,Female,22,IT,7.55,0,3,Yes,10,95,54,5
STU236,Female,23,Mechanical,6.14,0,2,Yes,7,76,93,1
STU237,Female,22,Civil,7.7,3,5,No,8,50,86,2
STU238,Female,21,Electrical,6.24,3,0,Yes,2,100,92,5
STU239,Male,23,IT,5.71,1,1,Yes,3,40,53,4
STU240,Male,23,Electronics,7.51,0,0,No,1,41,73,5
STU241,Female,20,Electrical,6.71,1,5,No,3,46,98,0
STU242,Male,21,Electrical,7.81,0,2,No,7,45,63,3
STU243,Male,21,Mechanical,7.52,0,0,Yes,2,65,64,3
STU244,Male,20,Electronics,7.93,0,3,No,6,76,94,0
STU245,Male,21,IT,9.44,2,5,No,5,42,99,0
STU246,Female,20,IT,8.51,2,2,Yes,4,77,49,5
STU247,Male,22,IT,9.11,0,4,No,9,61,64,5
STU248,Male,22,Computer,6.12,0,1,Yes,6,78,89,4
STU249,Female,22,Computer,9.7,0,3,No,4,62,75,3
STU250,Female,20,Electrical,7.4,0,1,Yes,2,57,49,3
STU251,Male,23,Mechanical,8.63,0,0,Yes,5,68,63,2
STU252,Male,21,Civil,5.95,0,4,No,2,41,45,2
STU253,Female,23,Computer,7.94,0,3,Yes,9,97,55,4
STU254,Female,21,IT,7.79,0,2,No,3,44,50,3
STU255,Female,23,Computer,6.71,0,1,No,10,79,52,3
STU256,Female,20,Civil,5.97,0,4,No,6,68,61,3
STU257,Male,22,Mechanical,9.09,0,5,Yes,8,60,51,3
STU258,Female,23,Electrical,9.76,1,2,No,5,92,90,3
STU259,Male,21,Electronics,7.11,1,0,No,4,68,91,2
STU260,Male,23,Electronics,9.16,0,5,No,4,56,82,1
STU261,Female,20,Civil,8.65,3,3,No,9,72,99,5
STU262,Male,22,Electronics,7.34,2,4,Yes,2,89,55,5
STU263,Male,20,Electrical,8.42,3,5,No,6,90,67,0
STU264,Female,21,Electrical,5.55,1,4,Yes,8,63,65,3
STU265,Male,22,Computer,8.9,0,2,No,2,47,93,5
STU266,Female,22,Civil,6.12,1,4,No,6,70,46,3
STU267,Female,22,Computer,8.68,0,5,Yes,1,94,61,5
STU268,Male,21,Electrical,5.98,0,1,No,9,67,69,1
STU269,Male,21,Electronics,9.01,0,3,Yes,10,96,52,3
STU270,Female,20,Electronics,8.11,0,2,Yes,10,46,91,4
STU271,Female,21,Civil,6.32,0,5,No,9,80,60,4
STU272,Female,20,Mechanical,7.21,0,3,Yes,5,98,79,4
STU273,Male,22,Computer,5.87,0,0,Yes,6,84,49,4
STU274,Male,23,Civil,7.21,0,5,Yes,9,50,71,2
STU275,Female,23,Electrical,6.12,0,2,Yes,8,48,52,3
STU276,Female,23,Electronics,9.74,0,5,No,8,50,45,4
STU277,Male,22,Computer,5.64,0,4,No,3,89,69,4
STU278,Female,20,Electrical,8.77,0,4,No,9,92,88,0
STU279,Female,21,Civil,8.84,0,5,Yes,5,95,42,3
STU280,Male,23,Computer,6.66,1,1,Yes,10,84,62,5
STU281,Female,21,Electrical,8.19,0,1,Yes,1,76,62,4
STU282,Male,22,Electronics,6.74,0,4,No,9,97,83,0
STU283,Female,20,Mechanical,6.1,1,1,Yes,4,49,85,2
STU284,Female,23,IT,9.15,0,2,No,7,68,44,5
STU285,Male,23,Electrical,9,1,5,No,8,100,71,2
STU286,Male,23,Electronics,8.06,0,2,Yes,9,65,53,3
STU287,Female,22,Mechanical,9.13,1,2,Yes,10,94,71,2
STU288,Male,20,Computer,9.43,0,3,Yes,2,99,94,1
STU289,Male,23,IT,7.44,3,1,No,3,95,99,2
STU290,Female,22,Computer,5.91,0,5,Yes,1,65,80,2
STU291,Male,23,Electronics,8.69,0,0,Yes,4,70,44,1
STU292,Female,20,Computer,8.11,0,0,No,3,70,44,1
STU293,Male,20,Mechanical,7.19,0,2,Yes,7,89,92,1
STU294,Male,20,Electrical,8.32,0,4,Yes,8,62,86,1
STU295,Male,23,Electrical,8.26,0,1,Yes,2,48,88,0
STU296,Female,22,Civil,8.09,0,1,Yes,5,81,45,1
STU297,Female,20,Electronics,7.93,1,1,Yes,7,58,81,0
STU298,Male,23,Civil,8.95,0,3,Yes,9,96,40,2
STU299,Male,23,Electrical,9.61,0,4,Yes,8,89,44,0
STU300,Male,22,IT,8.08,0,0,No,9,58,80,5
STU301,Female,23,Electronics,7.7,0,5,Yes,5,45,59,0
STU302,Male,21,Electrical,7.75,0,4,Yes,5,84,67,5
STU303,Male,20,IT,9.7,0,3,Yes,8,79,78,0
STU304,Male,20,Computer,6.86,1,5,Yes,3,71,100,2
STU305,Female,21,Mechanical,7.8,0,2,Yes,1,61,91,3
STU306,Male,22,Electronics,6.7,3,5,Yes,8,69,72,2
STU307,Male,22,IT,5.74,0,0,Yes,4,87,72,0
STU308,Male,21,Computer,5.69,0,3,Yes,3,99,94,0
STU309,Female,21,Mechanical,7.93,0,5,No,5,92,44,4
STU310,Male,21,IT,7.14,1,0,No,2,96,69,2
STU311,Female,22,Computer,8.9,0,0,No,4,58,76,2
STU312,Male,23,Mechanical,8.75,0,3,Yes,9,88,90,1
STU313,Female,20,IT,6.16,0,5,Yes,6,40,88,5
STU314,Female,20,IT,7.16,0,1,No,8,43,49,5
STU315,Male,21,Electrical,6.73,0,2,No,2,77,46,4
STU316,Female,20,Electrical,6.09,0,3,Yes,4,58,56,2
STU317,Female,22,Mechanical,9.57,0,1,Yes,4,48,89,4
STU318,Male,21,Civil,5.98,0,3,Yes,9,62,89,1
STU319,Female,22,Computer,7.49,0,5,No,10,42,53,2
STU320,Male,22,Civil,6.15,0,5,No,5,92,51,0
STU321,Female,21,Computer,9.69,0,1,Yes,1,43,93,1
STU322,Female,22,Electronics,6.08,0,5,Yes,10,77,56,0
STU323,Male,21,Electronics,5.6,0,1,Yes,6,47,42,3
STU324,Female,23,Civil,5.72,0,5,No,3,62,53,1
STU325,Female,21,Computer,6.71,0,4,Yes,5,71,66,4
STU326,Male,22,Civil,7.61,0,1,Yes,9,90,41,3
STU327,Female,23,Electrical,8.94,1,2,No,7,57,51,0
STU328,Male,20,Mechanical,6.9,0,3,No,10,54,50,0
STU329,Male,22,Electrical,6.59,1,5,Yes,4,76,94,3
STU330,Male,21,IT,7.06,0,5,No,10,41,85,5
STU331,Male,21,Civil,7.05,0,1,No,1,45,43,1
STU332,Male,23,Computer,8.15,0,4,Yes,3,61,85,1
STU333,Female,20,Computer,9.54,0,5,Yes,2,94,73,2
STU334,Female,23,Electrical,9.73,0,2,No,3,50,86,3
STU335,Female,22,IT,8.98,1,4,No,4,82,77,1
STU336,Female,21,IT,7.16,1,5,No,10,42,51,4
STU337,Male,20,Civil,6.9,0,5,Yes,4,62,60,1
STU338,Male,22,Civil,8.3,0,1,Yes,2,62,56,0
STU339,Male,23,Civil,8.67,1,1,No,8,96,64,2
STU340,Male,23,Electrical,7.9,0,5,Yes,3,68,44,0
STU341,Female,22,Computer,6.8,0,1,No,3,86,44,4
STU342,Male,22,Electrical,9.64,3,3,Yes,7,100,81,1
STU343,Female,21,Computer,8.17,0,1,Yes,7,84,75,5
STU344,Female,22,Mechanical,9.57,0,0,No,10,75,93,3
STU345,Female,20,Civil,6.18,0,5,No,4,46,41,1
STU346,Female,20,Civil,6.25,1,2,No,8,71,97,5
STU347,Female,21,Mechanical,6.67,2,2,Yes,8,42,56,3
STU348,Male,22,Electrical,7.55,0,5,Yes,2,82,62,4
STU349,Male,20,Civil,7.32,1,3,No,10,96,55,3
STU350,Female,20,Electrical,6.81,0,4,Yes,2,100,88,3
STU351,Male,21,IT,6.26,0,3,Yes,7,52,92,5
STU352,Female,22,Electronics,6.15,2,0,Yes,7,75,65,4
STU353,Female,23,Computer,6.93,1,4,No,2,66,49,1
STU354,Male,20,Electrical,7.99,1,2,No,7,56,64,5
STU355,Female,20,IT,7.64,0,1,No,1,65,96,2
STU356,Male,23,Mechanical,8.54,2,0,No,5,59,57,3
STU357,Male,21,IT,9.28,0,5,No,6,57,86,3
STU358,Male,21,Civil,8.16,0,3,No,9,95,63,0
STU359,Male,20,Mechanical,7.77,1,3,Yes,9,96,76,0
STU360,Male,20,IT,6.26,0,0,No,4,57,63,3
STU361,Male,20,IT,7.72,0,4,No,3,95,70,4
STU362,Female,21,Mechanical,7.93,1,5,Yes,5,41,64,0
STU363,Male,21,Electronics,6.22,0,1,No,7,72,41,5
STU364,Male,21,Electrical,5.54,1,1,No,10,91,100,2
STU365,Female,23,Civil,8.64,1,3,No,4,69,59,5
STU366,Female,20,Computer,7.79,0,5,No,9,81,78,4
STU367,Male,23,Computer,6.74,0,2,No,5,56,81,5
STU368,Female,21,IT,9.69,0,1,Yes,10,65,82,2
STU369,Male,23,Mechanical,8.5,0,3,No,7,87,42,4
STU370,Male,22,Electronics,8.62,1,5,No,6,72,59,1
STU371,Male,22,Computer,9.2,0,5,No,9,88,98,1
STU372,Female,20,IT,9.67,0,5,No,7,90,96,2
STU373,Female,23,Computer,7.14,0,5,Yes,8,96,52,4
STU374,Female,22,Civil,6.03,0,1,Yes,4,61,66,4
STU375,Female,21,Mechanical,9.43,1,1,Yes,8,61,80,1
STU376,Male,20,Civil,6.88,0,1,Yes,8,90,88,0
STU377,Female,23,Civil,6.07,0,3,No,1,42,74,1
STU378,Male,22,Electrical,8.71,0,5,Yes,4,54,84,2
STU379,Male,23,Electrical,6.87,0,1,Yes,1,59,100,2
STU380,Female,23,Electronics,7.51,3,2,No,6,88,52,1
STU381,Female,20,IT,9.67,0,1,Yes,1,77,72,1
STU382,Male,23,Electronics,6.04,0,4,Yes,10,43,82,0
STU383,Male,20,Electronics,8.38,0,3,No,2,75,56,3
STU384,Male,20,Mechanical,8.59,0,0,No,10,78,84,1
STU385,Male,20,Mechanical,7.34,0,0,No,4,78,52,2
STU386,Male,22,Electronics,9.16,0,1,Yes,9,71,98,1
STU387,Female,22,IT,8.53,0,5,Yes,2,93,76,5
STU388,Male,20,Electronics,7.67,1,2,Yes,8,58,56,3
STU389,Male,20,Mechanical,5.72,0,5,No,7,87,47,0
STU390,Male,20,IT,9.25,0,1,No,6,97,68,4
STU391,Male,22,Mechanical,6.68,0,3,No,8,57,93,3
STU392,Female,23,Electronics,8.54,2,1,Yes,3,84,86,0
STU393,Male,20,Civil,9.82,2,3,No,3,79,64,2
STU394,Male,23,Civil,8.19,0,3,No,1,44,56,5
STU395,Male,22,Electrical,6.88,0,5,Yes,7,82,86,1
STU396,Female,21,Electrical,7.62,2,4,Yes,1,81,99,1
STU397,Female,23,IT,7.72,0,3,No,4,61,57,0
STU398,Female,23,IT,7.73,0,3,No,2,94,71,3
STU399,Female,20,Computer,6.89,0,0,Yes,2,90,78,4
STU400,Male,23,Mechanical,8.31,0,0,Yes,8,61,75,4
STU401,Female,23,Computer,8.14,0,5,Yes,1,61,62,5
STU402,Female,22,Electronics,9.74,0,1,No,3,92,85,5
STU403,Male,22,Electrical,8.67,0,0,No,4,69,92,1
STU404,Male,23,Computer,8.65,2,5,Yes,8,69,82,4
STU405,Male,23,Computer,9.71,0,0,No,10,70,99,4
STU406,Male,21,Electronics,8.94,1,0,No,10,78,96,2
STU407,Female,23,Electrical,7.72,2,1,No,7,61,58,3
STU408,Male,23,Electrical,9.04,1,5,No,9,95,60,5
STU409,Male,21,IT,8.74,0,2,No,3,85,81,1
STU410,Female,20,Mechanical,7.72,0,4,No,9,58,96,3
STU411,Male,20,Civil,9.06,0,5,Yes,4,57,88,1
STU412,Female,21,Computer,9.83,0,2,Yes,9,42,62,3
STU413,Male,23,IT,5.95,0,5,No,1,99,64,3
STU414,Female,20,Computer,7.33,1,1,No,4,98,80,5
STU415,Female,21,Electronics,8.62,3,2,No,3,83,44,1
STU416,Male,23,Computer,9.73,0,4,No,3,50,77,2
STU417,Female,21,Computer,5.52,0,2,Yes,10,93,82,2
STU418,Female,20,Electronics,7.66,0,1,Yes,9,44,90,4
STU419,Female,20,Mechanical,6.2,0,1,No,6,63,58,1
STU420,Female,20,Computer,9.68,0,3,Yes,10,98,79,1
STU421,Female,23,Computer,9.72,0,4,No,1,98,73,2
STU422,Female,23,Computer,7.76,0,5,Yes,6,72,45,0
STU423,Male,20,IT,6.24,0,1,No,2,53,74,5
STU424,Female,20,Electronics,9.37,0,0,No,6,42,45,0
STU425,Female,20,Electrical,5.74,1,2,No,7,68,80,3
STU426,Male,23,Electronics,7.41,0,0,Yes,10,42,84,0
STU427,Male,22,Electronics,7.07,0,0,No,8,64,65,5
STU428,Male,21,IT,5.64,1,4,No,3,59,83,5
STU429,Male,21,Computer,8.35,0,4,No,9,75,100,0
STU430,Female,21,Civil,6.84,2,4,Yes,3,51,54,4
STU431,Male,20,IT,9.17,0,4,Yes,9,69,81,4
STU432,Male,22,Computer,5.82,0,4,No,6,62,48,5
STU433,Male,22,Electrical,8.38,0,1,No,8,68,61,4
STU434,Male,22,Mechanical,8.4,2,1,Yes,6,55,90,1
STU435,Female,22,Mechanical,8.63,0,5,No,8,69,68,2
STU436,Female,20,IT,8.91,0,0,No,3,97,74,1
STU437,Male,20,Computer,6.66,1,5,Yes,10,77,65,4
STU438,Male,22,Electrical,6.44,2,4,No,3,63,65,1
STU439,Female,21,Civil,9.42,0,0,No,6,72,40,5
STU440,Male,21,Civil,6.55,0,4,Yes,8,100,62,0
STU441,Female,21,Computer,6.46,0,1,Yes,4,73,98,2
STU442,Female,20,Computer,7.21,3,2,Yes,9,80,93,2
STU443,Female,21,Civil,9.17,0,2,Yes,9,56,64,1
STU444,Female,22,Civil,7.77,1,4,Yes,9,96,48,3
STU445,Male,22,IT,6.23,0,1,No,10,85,92,0
STU446,Female,22,Electronics,8.41,0,5,No,8,53,77,1
STU447,Female,20,IT,8.35,0,4,Yes,3,80,72,0
STU448,Male,20,IT,9.42,0,1,No,10,76,80,0
STU449,Female,20,IT,9.37,0,3,No,3,54,93,3
STU450,Male,22,IT,8.14,1,2,No,10,77,44,1
STU451,Male,20,Computer,7.16,0,4,No,3,78,46,1
STU452,Male,20,Computer,7.59,0,1,Yes,7,73,66,2
STU453,Female,21,Civil,9.35,1,3,No,10,91,87,5
STU454,Female,21,Mechanical,8.03,0,1,Yes,5,78,96,4
STU455,Male,20,Electronics,7.3,1,0,Yes,9,40,64,5
STU456,Female,23,Mechanical,6.4,0,3,No,5,94,74,3
STU457,Female,23,IT,7.98,0,4,No,3,63,75,4
STU458,Female,22,Electronics,7.63,0,1,Yes,4,68,90,5
STU459,Male,21,Electrical,9.68,0,2,Yes,3,64,80,0
STU460,Male,23,Electrical,9.04,0,0,No,4,63,45,4
STU461,Female,23,Electrical,5.67,0,2,Yes,3,80,71,3
STU462,Female,21,Computer,5.55,1,4,Yes,10,50,83,0
STU463,Male,21,Computer,7.08,3,3,No,7,65,77,1
STU464,Male,20,Electrical,7.78,0,4,No,6,92,57,1
STU465,Male,23,Civil,8.17,0,2,Yes,7,72,46,4
STU466,Female,22,Computer,5.82,1,2,No,8,64,76,3
STU467,Female,23,Electronics,8.89,0,4,Yes,8,47,56,0
STU468,Male,21,Mechanical,7.18,0,2,Yes,5,55,58,0
STU469,Female,20,Electrical,7.26,2,3,No,6,53,97,4
STU470,Male,23,Electronics,6.68,0,5,Yes,5,53,54,1
STU471,Female,21,Computer,9.17,0,0,No,10,40,88,4
STU472,Female,22,Electrical,9.72,0,4,No,8,51,88,4
STU473,Male,21,Computer,6.73,0,3,No,9,42,72,2
STU474,Male,23,Computer,7.23,0,3,No,1,40,83,1
STU475,Male,22,Mechanical,7.17,0,2,Yes,9,56,55,2
STU476,Female,22,IT,7.57,0,1,No,6,63,94,3
STU477,Male,21,Electrical,6.73,0,0,No,4,75,67,3
STU478,Male,23,Computer,6.36,0,3,Yes,9,74,86,2
STU479,Female,22,Electrical,8.96,1,0,No,2,84,50,0
STU480,Female,23,Electronics,6.45,0,5,No,5,63,63,4
STU481,Female,22,Computer,7.95,0,2,Yes,10,76,81,5
STU482,Female,22,Mechanical,7.87,0,3,No,2,64,79,2
STU483,Male,21,Electronics,7.54,1,2,No,10,76,65,0
STU484,Female,21,Mechanical,5.85,0,2,No,10,81,65,2
STU485,Female,23,Civil,9.41,0,0,Yes,4,82,56,5
STU486,Male,21,IT,8.58,0,0,Yes,8,75,43,0
STU487,Male,20,Mechanical,8.89,0,0,No,5,54,55,5
STU488,Male,21,Electrical,6.75,1,0,Yes,6,95,98,2
STU489,Female,22,Electrical,9.3,0,5,Yes,10,78,69,5
STU490,Female,22,Mechanical,8.8,0,1,Yes,8,59,63,3
STU491,Female,20,Computer,6.64,0,1,No,5,70,74,0
STU492,Female,23,Mechanical,8.53,0,3,No,10,54,90,0
STU493,Male,23,Electrical,7.91,0,1,Yes,7,93,64,1
STU494,Female,21,Electrical,6.66,1,4,No,5,81,87,4
STU495,Female,21,Computer,9.06,0,2,Yes,8,79,68,2
STU496,Female,21,Mechanical,8.58,0,0,Yes,3,46,58,2
STU497,Female,20,IT,6.05,0,0,No,4,61,66,2
STU498,Female,22,Civil,8.96,0,0,No,2,93,88,1
STU499,Female,20,Electrical,5.75,0,1,No,7,93,40,0
STU500,Male,23,Civil,9.79,0,0,Yes,8,87,89,0
